source,label,target,type,id,kind,weight
Pilatus,GEHEN,Scena,directed,e100,geht,
Primus Miles,GEHEN,Scena,directed,e101,gehen,
Secundus Miles,GEHEN,Scena,directed,e102,gehen,
Tertius Miles,GEHEN,Scena,directed,e103,gehen,
Quartus Miles,GEHEN,Scena,directed,e104,gehen,
Expositor,SPRECHEN,Spectantes,directed,e105,spricht,
Pilatus,SINGEN,Spectantes,directed,e106,singt,
Servus,SPRECHEN,Pilatus,directed,e107,antwortet,
Primus Judaeus,SINGEN,Spectantes,directed,e108,singt,
Secundus Judaeus,SINGEN,Spectantes,directed,e109,singt,
Tertius Judaeus,SINGEN,Spectantes,directed,e110,singt,
Quartus Judaeus,SINGEN,Spectantes,directed,e111,singt,
Quintus Judaeus,SINGEN,Spectantes,directed,e112,singt,
Primus Judaeus,SINGEN,Ignotus,directed,e113,singt,
Primus Judaeus,SPRECHEN,Primus Judaeus,directed,e114,spricht,
Primus Judaeus,SPRECHEN,Secundus Judaeus,directed,e115,spricht,
Primus Judaeus,SPRECHEN,Tertius Judaeus,directed,e116,spricht,
Primus Judaeus,SPRECHEN,Quartus Judaeus,directed,e117,spricht,
Primus Judaeus,SPRECHEN,Quintus Judaeus,directed,e118,spricht,
Secundus Judaeus,SPRECHEN,Primus Judaeus,directed,e119,spricht,
Primus Judaeus,GEHEN,Pilatus,directed,e120,geht zu,
Secundus Judaeus,GEHEN,Pilatus,directed,e121,geht zu,
Tertius Judaeus,GEHEN,Pilatus,directed,e122,geht zu,
Quartus Judaeus,GEHEN,Pilatus,directed,e123,geht zu,
Quintus Judaeus,GEHEN,Pilatus,directed,e124,geht zu,
Primus Judaeus,SINGEN,Spectantes,directed,e125,singt,
Secundus Judaeus,SINGEN,Spectantes,directed,e126,singt,
Tertius Judaeus,SINGEN,Spectantes,directed,e127,singt,
Quartus Judaeus,SINGEN,Spectantes,directed,e128,singt,
Quintus Judaeus,SINGEN,Spectantes,directed,e129,singt,
Primus Judaeus,VERBEUGEN,Pilatus,directed,e130,verbeugt sich vor,
Secundus Judaeus,VERBEUGEN,Pilatus,directed,e131,verbeugt sich vor,
Tertius Judaeus,VERBEUGEN,Pilatus,directed,e132,verbeugt sich vor,
Quartus Judaeus,VERBEUGEN,Pilatus,directed,e133,verbeugt sich vor,
Quintus Judaeus,VERBEUGEN,Pilatus,directed,e134,verbeugt sich vor,
Pilatus,SPRECHEN,Primus Judaeus,directed,e135,spricht,
Pilatus,SPRECHEN,Secundus Judaeus,directed,e136,spricht,
Pilatus,SPRECHEN,Tertius Judaeus,directed,e137,spricht,
Pilatus,SPRECHEN,Quartus Judaeus,directed,e138,spricht,
Pilatus,SPRECHEN,Quintus Judaeus,directed,e139,spricht,
Tertius Judaeus,SPRECHEN,Pilatus,directed,e140,spricht,
Pilatus,SPRECHEN,Primus Judaeus,directed,e141,spricht,
Pilatus,SPRECHEN,Secundus Judaeus,directed,e142,spricht,
Pilatus,SPRECHEN,Tertius Judaeus,directed,e143,spricht,
Pilatus,SPRECHEN,Quartus Judaeus,directed,e144,spricht,
Pilatus,SPRECHEN,Quintus Judaeus,directed,e145,spricht,
Quartus Judaeus,SPRECHEN,Pilatus,directed,e146,spricht,
Pilatus,SPRECHEN,Nuntius,directed,e147,spricht,
Nuntius,SPRECHEN,Pilatus,directed,e148,spricht,
Nuntius,LAUFEN,Scena,directed,e149,läuft im Kreis hin und her,
Nuntius,SPRECHEN,Primus Miles,directed,e150,spricht,
Nuntius,SPRECHEN,Secundus Miles,directed,e151,spricht,
Nuntius,SPRECHEN,Tertius Miles,directed,e152,spricht,
Nuntius,SPRECHEN,Quartus Miles,directed,e153,spricht,
Primus Miles,SPRECHEN,Nuntius,directed,e154,spricht,
Nuntius,EILEN,Pilatus,directed,e155,eilt zurück,
Nuntius,SPRECHEN,Pilatus,directed,e156,spricht,
Pilatus,SPRECHEN,Nuntius,directed,e157,spricht,
Nuntius,SPRECHEN,Pilatus,directed,e158,spricht,
Nuntius,GEHEN,Ignotus,directed,e159,geht heraus,
Nuntius,BRINGEN,Primus Miles,directed,e160,bringt,
Nuntius,BRINGEN,Secundus Miles,directed,e161,bringt,
Nuntius,BRINGEN,Tertius Miles,directed,e162,bringt,
Nuntius,BRINGEN,Quartus Miles,directed,e163,bringt,
Primus Miles,GEHEN,Pilatus,directed,e164,geht zu,
Secundus Miles,GEHEN,Pilatus,directed,e165,geht zu,
Tertius Miles,GEHEN,Pilatus,directed,e166,geht zu,
Quartus Miles,GEHEN,Pilatus,directed,e167,geht zu,
Primus Judaeus,SINGEN,Ignotus,directed,e168,singt,
Secundus Judaeus,SINGEN,Ignotus,directed,e169,singt,
Tertius Judaeus,SINGEN,Ignotus,directed,e170,singt,
Quartus Judaeus,SINGEN,Ignotus,directed,e171,singt,
Quintus Judaeus,SINGEN,Ignotus,directed,e172,singt,
Primus Angelus,RUFEN,Spectantes,directed,e173,ruft,
Secundus Angelus,RUFEN,Spectantes,directed,e174,ruft,
Tertius Angelus,RUFEN,Spectantes,directed,e175,ruft,
Secundus Miles,SPRECHEN,Pilatus,directed,e176,spricht,
Pilatus,SPRECHEN,Secundus Miles,directed,e177,spricht,
Quintus Judaeus,SPRECHEN,Primus Miles,directed,e178,spricht,
Quintus Judaeus,SPRECHEN,Secundus Miles,directed,e179,spricht,
Quintus Judaeus,SPRECHEN,Tertius Miles,directed,e180,spricht,
Quintus Judaeus,SPRECHEN,Quartus Miles,directed,e181,spricht,
Tertius Miles,SPRECHEN,Quintus Judaeus,directed,e182,spricht,
Primus Miles,GEHEN,Sepulcrum,directed,e183,geht singend,
Secundus Miles,GEHEN,Sepulcrum,directed,e184,geht singend,
Tertius Miles,GEHEN,Sepulcrum,directed,e185,geht singend,
Quartus Miles,GEHEN,Sepulcrum,directed,e186,geht singend,
Quartus Miles,SPRECHEN,Primus Miles,directed,e187,spricht,
Quartus Miles,SPRECHEN,Secundus Miles,directed,e188,spricht,
Quartus Miles,SPRECHEN,Tertius Miles,directed,e189,spricht,
Quartus Miles,SPRECHEN,Quartus Miles,directed,e190,spricht,
Primus Miles,SPRECHEN,Primus Miles,directed,e191,spricht,
Primus Miles,SPRECHEN,Secundus Miles,directed,e192,spricht,
Primus Miles,SPRECHEN,Tertius Miles,directed,e193,spricht,
Primus Miles,SPRECHEN,Quartus Miles,directed,e194,spricht,
Primus Miles,HINLEGEN,Sepulcrum,directed,e195,legt sich nieder,
Secundus Miles,HINLEGEN,Sepulcrum,directed,e196,legt sich nieder,
Tertius Miles,HINLEGEN,Sepulcrum,directed,e197,legt sich nieder,
Quartus Miles,HINLEGEN,Sepulcrum,directed,e198,legt sich nieder,
Primus Angelus,ERSCHEINEN,Sepulcrum,directed,e199,erscheint,
Secundus Angelus,ERSCHEINEN,Sepulcrum,directed,e200,erscheint,
Tertius Angelus,ERSCHEINEN,Sepulcrum,directed,e201,erscheint,
Primus Angelus,SCHLAGEN,Primus Miles,directed,e202,schlägt nieder,
Secundus Angelus,SCHLAGEN,Secundus Miles,directed,e203,schlägt nieder,
Tertius Angelus,SCHLAGEN,Tertius Miles,directed,e204,schlägt nieder,
Primus Angelus,SPRECHEN,Ihesus,directed,e205,spricht,
Secundus Angelus,SPRECHEN,Ihesus,directed,e206,spricht,
Tertius Angelus,SPRECHEN,Ihesus,directed,e207,spricht,
Ihesus,SINGEN,Sepulcrum,directed,e208,singt,
Pilatus,SPRECHEN,Nuntius,directed,e209,spricht,
Nuntius,LAUFEN,Sepulcrum,directed,e210,läuft,
Nuntius,SPRECHEN,Primus Miles,directed,e211,spricht,
Nuntius,SPRECHEN,Secundus Miles,directed,e212,spricht,
Nuntius,SPRECHEN,Tertius Miles,directed,e213,spricht,
Nuntius,SPRECHEN,Quartus Miles,directed,e214,spricht,
Nuntius,LAUFEN,Pilatus,directed,e215,läuft,
Nuntius,SPRECHEN,Pilatus,directed,e216,spricht,
Pilatus,GEHEN,Sepulcrum,directed,e217,geht,
Nuntius,GEHEN,Sepulcrum,directed,e218,geht,
Pilatus,SPRECHEN,Primus Miles,directed,e219,spricht,
Pilatus,SPRECHEN,Secundus Miles,directed,e220,spricht,
Pilatus,SPRECHEN,Tertius Miles,directed,e221,spricht,
Pilatus,SPRECHEN,Quartus Miles,directed,e222,spricht,
Tertius Miles,SPRECHEN,Pilatus,directed,e223,spricht,
Quartus Miles,SPRECHEN,Primus Miles,directed,e224,spricht,
Quartus Miles,SPRECHEN,Secundus Miles,directed,e225,spricht,
Quartus Miles,SPRECHEN,Tertius Miles,directed,e226,spricht,
Quartus Miles,SPRECHEN,Quartus Miles,directed,e227,spricht,
Primus Miles,SPRECHEN,Secundus Miles,directed,e228,spricht,
Secundus Miles,SPRECHEN,Primus Miles,directed,e229,spricht,
Tertius Miles,SPRECHEN,Primus Miles,directed,e230,spricht,
Quartus Miles,SCHLAGEN,Primus Miles,directed,e231,prügeln,
Tertius Miles,SCHLAGEN,Secundus Miles,directed,e232,prügeln,
Secundus Miles,SCHLAGEN,Tertius Miles,directed,e233,prügeln,
Primus Miles,SCHLAGEN,Quartus Miles,directed,e234,prügeln,
Ihesus,GEHEN,Infernum,directed,e235,geht,
Primus Angelus,GEHEN,Infernum,directed,e236,geht,
Secundus Angelus,GEHEN,Infernum,directed,e237,geht,
Tertius Angelus,GEHEN,Infernum,directed,e238,geht,
Primus Angelus,SINGEN,Ignotus,directed,e239,singt,
Secundus Angelus,SINGEN,Ignotus,directed,e240,singt,
Tertius Angelus,SINGEN,Ignotus,directed,e241,singt,
Adam,SINGEN,Ihesus,directed,e242,singt,
Primus Angelus,SINGEN,Ihesus,directed,e243,singt,
Secundus Angelus,SINGEN,Ihesus,directed,e244,singt,
Tertius Angelus,SINGEN,Ihesus,directed,e245,singt,
Lucifer,RUFEN,Ignotus,directed,e246,schreit,
Primus Angelus,SINGEN,Ignotus,directed,e247,singt,
Secundus Angelus,SINGEN,Ignotus,directed,e248,singt,
Tertius Angelus,SINGEN,Ignotus,directed,e249,singt,
Lucifer,RUFEN,Ignotus,directed,e250,schreit,
Primus Angelus,SPRECHEN,Lucifer,directed,e251,spricht,
Secundus Angelus,SPRECHEN,Lucifer,directed,e252,spricht,
Tertius Angelus,SPRECHEN,Lucifer,directed,e253,spricht,
Primus Angelus,SCHLAGEN,Portus Inferni,directed,e254,pocht an,
Lucifer,SPRECHEN,Ignotus,directed,e255,spricht,
Primus Angelus,SINGEN,Ignotus,directed,e256,singt,
Secundus Angelus,SINGEN,Ignotus,directed,e257,singt,
Tertius Angelus,SINGEN,Ignotus,directed,e258,singt,
Lucifer,SPRECHEN,Ignotus,directed,e259,spricht,
Primus Angelus,SPRECHEN,Ignotus,directed,e260,spricht,
Secundus Angelus,SPRECHEN,Ignotus,directed,e261,spricht,
Tertius Angelus,SPRECHEN,Ignotus,directed,e262,spricht,
Lucifer,SPRECHEN,Ignotus,directed,e263,spricht,
Ihesus,SPRECHEN,Ignotus,directed,e264,spricht,
Lucifer,SPRECHEN,Ignotus,directed,e265,spricht,
Ihesus,SCHLAGEN,Portus Inferni,directed,e266,zerbricht,
Daemones,RUFEN,Ignotus,directed,e267,heulen,
Ihesus,SPRECHEN,Adam,directed,e268,spricht,
Adam,SPRECHEN,Ihesus,directed,e269,spricht,
Eva,SPRECHEN,Ignotus,directed,e270,spricht,
Ihesus,SPRECHEN,Adam,directed,e271,spricht,
Ihesus,SINGEN,Adam,directed,e272,singt,
Anima Infelix,FLIEHEN,Scena,directed,e273,flieht,
Diabolus,FANGEN,Anima Infelix,directed,e274,fängt,
Diabolus,SPRECHEN,Anima Infelix,directed,e275,spricht,
Anima Infelix,SPRECHEN,Ihesus,directed,e276,spricht,
Lucifer,SPRECHEN,Adam,directed,e277,spricht,
Lucifer,LAUFEN,Palatium Luciferi,directed,e278,läuft,
Lucifer,RUFEN,Diabolus,directed,e279,schreit,
Sathanas,SPRECHEN,Lucifer,directed,e280,spricht,
Lucifer,SPRECHEN,Sathanas,directed,e281,spricht,
Sathanas,SPRECHEN,Lucifer,directed,e282,spricht,
Lucifer,SPRECHEN,Sathanas,directed,e283,spricht,
Sathanas,SPRECHEN,Lucifer,directed,e284,spricht,
Sathanas,FANGEN,Prima Anima,directed,e285,fängt,
Sathanas,FANGEN,Secunda Anima,directed,e286,fängt,
Sathanas,FANGEN,Tertia Anima,directed,e287,fängt,
Sathanas,FANGEN,Quarta Anima,directed,e288,fängt,
Sathanas,FANGEN,Quinta Anima,directed,e289,fängt,
Sathanas,FANGEN,Sexta Anima,directed,e290,fängt,
Sathanas,FANGEN,Septima Anima,directed,e291,fängt,
Primus Angelus,SINGEN,Ignotus,directed,e292,singt,
Secundus Angelus,SINGEN,Ignotus,directed,e293,singt,
Tertius Angelus,SINGEN,Ignotus,directed,e294,singt,
Sathanas,GEHEN,Infernum,directed,e295,kehrt zurück,
Prima Anima,GEHEN,Infernum,directed,e296,geht,
Secunda Anima,GEHEN,Infernum,directed,e297,geht,
Tertia Anima,GEHEN,Infernum,directed,e298,geht,
Quarta Anima,GEHEN,Infernum,directed,e299,geht,
Quinta Anima,GEHEN,Infernum,directed,e300,geht,
Sexta Anima,GEHEN,Infernum,directed,e301,geht,
Septima Anima,GEHEN,Infernum,directed,e302,geht,
Sathanas,SPRECHEN,Lucifer,directed,e303,spricht,
Lucifer,SPRECHEN,Sathanas,directed,e304,spricht,
Prima Anima,SPRECHEN,Lucifer,directed,e305,spricht,
Secunda Anima,SPRECHEN,Lucifer,directed,e306,spricht,
Tertia Anima,SPRECHEN,Lucifer,directed,e307,spricht,
Quarta Anima,SPRECHEN,Lucifer,directed,e308,spricht,
Quinta Anima,SPRECHEN,Lucifer,directed,e309,spricht,
Sexta Anima,SPRECHEN,Lucifer,directed,e310,spricht,
Septima Anima,SPRECHEN,Lucifer,directed,e311,spricht,
Lucifer,SPRECHEN,Sathanas,directed,e312,spricht,
Sathanas,FÜHREN,Prima Anima,directed,e313,führt,
Sathanas,FÜHREN,Secunda Anima,directed,e314,führt,
Sathanas,FÜHREN,Tertia Anima,directed,e315,führt,
Sathanas,FÜHREN,Quarta Anima,directed,e316,führt,
Sathanas,FÜHREN,Quinta Anima,directed,e317,führt,
Sathanas,FÜHREN,Sexta Anima,directed,e318,führt,
Sathanas,FÜHREN,Septima Anima,directed,e319,führt,
Sathanas,GEHEN,Infernum,directed,e320,geht in,
Prima Anima,GEHEN,Infernum,directed,e321,geht in,
Secunda Anima,GEHEN,Infernum,directed,e322,geht in,
Tertia Anima,GEHEN,Infernum,directed,e323,geht in,
Quarta Anima,GEHEN,Infernum,directed,e324,geht in,
Quinta Anima,GEHEN,Infernum,directed,e325,geht in,
Sexta Anima,GEHEN,Infernum,directed,e326,geht in,
Septima Anima,GEHEN,Infernum,directed,e327,geht in,
Prima Maria,SINGEN,Ignotus,directed,e328,singt,
Prima Maria,KLAGEN,Ignotus,directed,e329,klagt,
Prima Maria,SPRECHEN,Ignotus,directed,e330,spricht,
Secunda Maria,SINGEN,Ignotus,directed,e331,singt,
Secunda Maria,SPRECHEN,Ignotus,directed,e332,spricht,
Tertia Maria,SINGEN,Ignotus,directed,e333,singt,
Tertia Maria,SPRECHEN,Prima Maria,directed,e334,spricht,
Tertia Maria,SPRECHEN,Secunda Maria,directed,e335,spricht,
Mercator,GEHEN,Scena,directed,e336,geht,
Uxor Mercatori,GEHEN,Scena,directed,e337,geht,
Ancilla,GEHEN,Scena,directed,e338,geht,
Mercator,SPRECHEN,Ignotus,directed,e339,spricht,
Rubin,SPRECHEN,Mercator,directed,e340,spricht,
Mercator,SPRECHEN,Rubin,directed,e341,spricht,
Rubin,SPRECHEN,Mercator,directed,e342,spricht,
Mercator,SPRECHEN,Rubin,directed,e343,spricht,
Rubin,SPRECHEN,Mercator,directed,e344,spricht,
Mercator,SPRECHEN,Rubin,directed,e345,spricht,
Rubin,SPRECHEN,Mercator,directed,e346,spricht,
Mercator,SPRECHEN,Rubin,directed,e347,spricht,
Rubin,SPRECHEN,Mercator,directed,e348,spricht,
Mercator,SPRECHEN,Rubin,directed,e349,spricht,
Rubin,SPRECHEN,Mercator,directed,e350,spricht,
Mercator,SPRECHEN,Rubin,directed,e351,spricht,
Rubin,SPRECHEN,Mercator,directed,e352,spricht,
Mercator,SPRECHEN,Rubin,directed,e353,spricht,
Rubin,SPRECHEN,Mercator,directed,e354,spricht,
Mercator,SPRECHEN,Rubin,directed,e355,spricht,
Rubin,SPRECHEN,Mercator,directed,e356,spricht,
Mercator,SPRECHEN,Rubin,directed,e357,spricht,
Rubin,SPRECHEN,Mercator,directed,e358,spricht,
Rubin,SINGEN,Ignotus,directed,e359,singt,
Rubin,SPRECHEN,Ignotus,directed,e360,spricht,
Mercator,SPRECHEN,Rubin,directed,e361,spricht,
Rubin,SPRECHEN,Mercator,directed,e362,spricht,
Mercator,SPRECHEN,Rubin,directed,e363,spricht,
Rubin,SPRECHEN,Ignotus,directed,e364,spricht,
Pusterbalk,GEHEN,Taberna,directed,e365,kommt,
Pusterbalk,SPRECHEN,Rubin,directed,e366,spricht,
Rubin,SPRECHEN,Pusterbalk,directed,e367,spricht,
Pusterbalk,SPRECHEN,Rubin,directed,e368,spricht,
Rubin,SPRECHEN,Pusterbalk,directed,e369,spricht,
Pusterbalk,GEHEN,Ignotus,directed,e370,geht,
Mercator,SPRECHEN,Rubin,directed,e371,spricht,
Rubin,SPRECHEN,Mercator,directed,e372,spricht,
Rubin,RUFEN,Pusterbalk,directed,e373,ruft,
Pusterbalk,GEHEN,Taberna,directed,e374,kommt,
Pusterbalk,SPRECHEN,Rubin,directed,e375,spricht,
Rubin,SPRECHEN,Pusterbalk,directed,e376,spricht,
Rubin,SCHLAGEN,Pusterbalk,directed,e377,schlägt,
Pusterbalk,SPRECHEN,Rubin,directed,e378,spricht,
Rubin,SPRECHEN,Pusterbalk,directed,e379,spricht,
Mercator,SPRECHEN,Rubin,directed,e380,spricht,
Mercator,SPRECHEN,Pusterbalk,directed,e381,spricht,
Rubin,SPRECHEN,Ignotus,directed,e382,spricht,
Lasterbalk,SPRECHEN,Rubin,directed,e383,spricht,
Rubin,SPRECHEN,Lasterbalk,directed,e384,spricht,
Lasterbalk,SPRECHEN,Rubin,directed,e385,spricht,
Rubin,SPRECHEN,Lasterbalk,directed,e386,spricht,
Lasterbalk,SPRECHEN,Rubin,directed,e387,spricht,
Rubin,SPRECHEN,Lasterbalk,directed,e388,spricht,
Lasterbalk,SPRECHEN,Rubin,directed,e389,spricht,
Rubin,SPRECHEN,Lasterbalk,directed,e390,spricht,
Lasterbalk,SPRECHEN,Rubin,directed,e391,spricht,
Rubin,SPRECHEN,Lasterbalk,directed,e392,spricht,
Lasterbalk,SPRECHEN,Rubin,directed,e393,spricht,
Rubin,SPRECHEN,Lasterbalk,directed,e394,spricht,
Lasterbalk,SINGEN,Uxor Mercatori,directed,e395,singt,
Lasterbalk,SPRECHEN,Uxor Mercatori,directed,e396,spricht,
Uxor Mercatori,SPRECHEN,Lasterbalk,directed,e397,spricht,
Lasterbalk,SPRECHEN,Uxor Mercatori,directed,e398,spricht,
Mercator,SPRECHEN,Rubin,directed,e399,spricht,
Rubin,SPRECHEN,Mercator,directed,e400,spricht,
Rubin,SPRECHEN,Ignotus,directed,e401,spricht,
Mercator,SPRECHEN,Rubin,directed,e402,spricht,
Rubin,SPRECHEN,Mercator,directed,e403,spricht,
Mercator,SPRECHEN,Rubin,directed,e404,spricht,
Rubin,SPRECHEN,Mercator,directed,e405,spricht,
Rubin,GEHEN,Taberna,directed,e406,tritt auf,
Mercator,SPRECHEN,Rubin,directed,e407,spricht,
Rubin,SPRECHEN,Mercator,directed,e408,spricht,
Mercator,SPRECHEN,Rubin,directed,e409,spricht,
Rubin,SPRECHEN,Marien,directed,e410,spricht,
Mercator,SPRECHEN,Rubin,directed,e411,spricht,
Rubin,SPRECHEN,Mercator,directed,e412,spricht,
Tertia Maria,SINGEN,Ignotus,directed,e413,singt,
Tertia Maria,SPRECHEN,Ignotus,directed,e414,spricht,
Secunda Maria,SINGEN,Ignotus,directed,e415,singt,
Secunda Maria,SPRECHEN,Ignotus,directed,e416,spricht,
Tertia Maria,SINGEN,Ignotus,directed,e417,singt,
Tertia Maria,SPRECHEN,Ignotus,directed,e418,spricht,
Mercator,RUFEN,Rubin,directed,e419,ruft,
Rubin,SPRECHEN,Mercator,directed,e420,spricht,
Mercator,RUFEN,Rubin,directed,e421,ruft,
Rubin,SPRECHEN,Mercator,directed,e422,spricht,
Mercator,RUFEN,Rubin,directed,e423,ruft,
Rubin,SPRECHEN,Mercator,directed,e424,spricht,
Mercator,RUFEN,Rubin,directed,e425,ruft,
Rubin,SPRECHEN,Mercator,directed,e426,spricht,
Mercator,SPRECHEN,Rubin,directed,e427,spricht,
Rubin,SPRECHEN,Mercator,directed,e428,spricht,
Mercator,SPRECHEN,Rubin,directed,e429,spricht,
Rubin,SPRECHEN,Mercator,directed,e430,spricht,
Rubin,LAUFEN,Prima Maria,directed,e431,läuft zu,
Rubin,LAUFEN,Secunda Maria,directed,e432,läuft zu,
Rubin,LAUFEN,Tertia Maria,directed,e433,läuft zu,
Rubin,SPRECHEN,Prima Maria,directed,e434,spricht,
Rubin,SPRECHEN,Secunda Maria,directed,e435,spricht,
Rubin,SPRECHEN,Tertia Maria,directed,e436,spricht,
Tertia Maria,SPRECHEN,Rubin,directed,e437,spricht,
Rubin,SPRECHEN,Prima Maria,directed,e438,spricht,
Rubin,SPRECHEN,Secunda Maria,directed,e439,spricht,
Rubin,SPRECHEN,Tertia Maria,directed,e440,spricht,
Prima Maria,SPRECHEN,Rubin,directed,e441,spricht,
Rubin,SPRECHEN,Prima Maria,directed,e442,spricht,
Rubin,SPRECHEN,Secunda Maria,directed,e443,spricht,
Rubin,SPRECHEN,Tertia Maria,directed,e444,spricht,
Rubin,GEHEN,Taberna,directed,e445,geht,
Prima Maria,GEHEN,Taberna,directed,e446,geht,
Secunda Maria,GEHEN,Taberna,directed,e447,geht,
Tertia Maria,GEHEN,Taberna,directed,e448,geht,
Rubin,SINGEN,Prima Maria,directed,e449,singt,
Rubin,SINGEN,Secunda Maria,directed,e450,singt,
Rubin,SINGEN,Tertia Maria,directed,e451,singt,
Rubin,SPRECHEN,Mercator,directed,e452,spricht,
Mercator,SINGEN,Prima Maria,directed,e453,singt,
Mercator,SINGEN,Secunda Maria,directed,e454,singt,
Mercator,SINGEN,Tertia Maria,directed,e455,singt,
Prima Maria,SINGEN,Mercator,directed,e456,singt,
Secunda Maria,SINGEN,Mercator,directed,e457,singt,
Tertia Maria,SINGEN,Mercator,directed,e458,singt,
Mercator,SINGEN,Prima Maria,directed,e459,singt,
Mercator,SINGEN,Secunda Maria,directed,e460,singt,
Mercator,SINGEN,Tertia Maria,directed,e461,singt,
Prima Maria,SINGEN,Mercator,directed,e462,singt,
Secunda Maria,SINGEN,Mercator,directed,e463,singt,
Tertia Maria,SINGEN,Mercator,directed,e464,singt,
Rubin,SPRECHEN,Prima Maria,directed,e465,spricht,
Rubin,SPRECHEN,Secunda Maria,directed,e466,spricht,
Rubin,SPRECHEN,Tertia Maria,directed,e467,spricht,
Secunda Maria,SPRECHEN,Mercator,directed,e468,spricht,
Mercator,SPRECHEN,Secunda Maria,directed,e469,spricht,
Tertia Maria,SPRECHEN,Mercator,directed,e470,spricht,
Mercator,SPRECHEN,Tertia Maria,directed,e471,spricht,
Prima Maria,SPRECHEN,Mercator,directed,e472,spricht,
Mercator,SPRECHEN,Prima Maria,directed,e473,spricht,
Mercator,SPRECHEN,Secunda Maria,directed,e474,spricht,
Mercator,SPRECHEN,Tertia Maria,directed,e475,spricht,
Rubin,SPRECHEN,Mercator,directed,e476,spricht,
Tertia Maria,SPRECHEN,Mercator,directed,e477,spricht,
Mercator,SPRECHEN,Prima Maria,directed,e478,spricht,
Mercator,SPRECHEN,Secunda Maria,directed,e479,spricht,
Mercator,SPRECHEN,Tertia Maria,directed,e480,spricht,
Uxor Mercatori,SPRECHEN,Mercator,directed,e481,spricht,
Mercator,SCHLAGEN,Uxor Mercatori,directed,e482,schlägt,
Mercator,SPRECHEN,Uxor Mercatori,directed,e483,spricht,
Uxor Mercatori,SPRECHEN,Mercator,directed,e484,spricht,
Mercator,SPRECHEN,Uxor Mercatori,directed,e485,spricht,
Uxor Mercatori,SPRECHEN,Mercator,directed,e486,spricht,
Rubin,SPRECHEN,Mercator,directed,e487,spricht,
Ancilla,SPRECHEN,Rubin,directed,e488,spricht,
Rubin,SPRECHEN,Ancilla,directed,e489,spricht,
Ancilla,SPRECHEN,Rubin,directed,e490,spricht,
Rubin,SPRECHEN,Ignotus,directed,e491,spricht,
Mercator,SPRECHEN,Prima Maria,directed,e492,spricht,
Mercator,SPRECHEN,Secunda Maria,directed,e493,spricht,
Mercator,SPRECHEN,Tertia Maria,directed,e494,spricht,
Mercator,SPRECHEN,Rubin,directed,e495,spricht,
Rubin,SPRECHEN,Mercator,directed,e496,spricht,
Mercator,HINLEGEN,Taberna,directed,e497,legt sich,
Rubin,SPRECHEN,Uxor Mercatori,directed,e498,spricht,
Uxor Mercatori,SPRECHEN,Rubin,directed,e499,spricht,
Rubin,GEHEN,Exire,directed,e500,geht,
Uxor Mercatori,GEHEN,Exire,directed,e501,geht,
Mercator,AUFSTEHEN,Taberna,directed,e502,steht auf,
Mercator,SPRECHEN,Ignotus,directed,e503,spricht,
Primus Angelus,SINGEN,Ignotus,directed,e504,singt,
Secundus Angelus,SINGEN,Ignotus,directed,e505,singt,
Tertius Angelus,SINGEN,Ignotus,directed,e506,singt,
Prima Maria,SINGEN,Ignotus,directed,e507,singt,
Secunda Maria,SINGEN,Ignotus,directed,e508,singt,
Tertia Maria,SINGEN,Ignotus,directed,e509,singt,
Prima Maria,SPRECHEN,Ignotus,directed,e510,spricht,
Secunda Maria,SPRECHEN,Ignotus,directed,e511,spricht,
Tertia Maria,SPRECHEN,Ignotus,directed,e512,spricht,
Primus Angelus,SINGEN,Prima Maria,directed,e513,singt,
Primus Angelus,SINGEN,Secunda Maria,directed,e514,singt,
Primus Angelus,SINGEN,Tertia Maria,directed,e515,singt,
Secundus Angelus,SINGEN,Prima Maria,directed,e516,singt,
Secundus Angelus,SINGEN,Secunda Maria,directed,e517,singt,
Secundus Angelus,SINGEN,Tertia Maria,directed,e518,singt,
Tertius Angelus,SINGEN,Prima Maria,directed,e519,singt,
Tertius Angelus,SINGEN,Secunda Maria,directed,e520,singt,
Tertius Angelus,SINGEN,Tertia Maria,directed,e521,singt,
Primus Angelus,SPRECHEN,Prima Maria,directed,e522,spricht,
Primus Angelus,SPRECHEN,Secunda Maria,directed,e523,spricht,
Primus Angelus,SPRECHEN,Tertia Maria,directed,e524,spricht,
Prima Maria,SINGEN,Primus Angelus,directed,e525,singt,
Prima Maria,SINGEN,Secundus Angelus,directed,e526,singt,
Prima Maria,SINGEN,Tertius Angelus,directed,e527,singt,
Secunda Maria,SINGEN,Primus Angelus,directed,e528,singt,
Secunda Maria,SINGEN,Secundus Angelus,directed,e529,singt,
Secunda Maria,SINGEN,Tertius Angelus,directed,e530,singt,
Tertia Maria,SINGEN,Primus Angelus,directed,e531,singt,
Tertia Maria,SINGEN,Secundus Angelus,directed,e532,singt,
Tertia Maria,SINGEN,Tertius Angelus,directed,e533,singt,
Secunda Maria,SPRECHEN,Primus Angelus,directed,e534,spricht,
Secunda Maria,SPRECHEN,Secundus Angelus,directed,e535,spricht,
Secunda Maria,SPRECHEN,Tertius Angelus,directed,e536,spricht,
Secundus Angelus,SPRECHEN,Prima Maria,directed,e537,spricht,
Secundus Angelus,SPRECHEN,Secunda Maria,directed,e538,spricht,
Secundus Angelus,SPRECHEN,Tertia Maria,directed,e539,spricht,
Tertia Maria,SPRECHEN,Primus Angelus,directed,e540,spricht,
Tertia Maria,SPRECHEN,Secundus Angelus,directed,e541,spricht,
Tertia Maria,SPRECHEN,Tertius Angelus,directed,e542,spricht,
Primus Angelus,SINGEN,Prima Maria,directed,e543,singt,
Primus Angelus,SINGEN,Secunda Maria,directed,e544,singt,
Primus Angelus,SINGEN,Tertia Maria,directed,e545,singt,
Secundus Angelus,SINGEN,Prima Maria,directed,e546,singt,
Secundus Angelus,SINGEN,Secunda Maria,directed,e547,singt,
Secundus Angelus,SINGEN,Tertia Maria,directed,e548,singt,
Tertius Angelus,SINGEN,Prima Maria,directed,e549,singt,
Tertius Angelus,SINGEN,Secunda Maria,directed,e550,singt,
Tertius Angelus,SINGEN,Tertia Maria,directed,e551,singt,
Tertius Angelus,SPRECHEN,Prima Maria,directed,e552,spricht,
Tertius Angelus,SPRECHEN,Secunda Maria,directed,e553,spricht,
Tertius Angelus,SPRECHEN,Tertia Maria,directed,e554,spricht,
Primus Angelus,SINGEN,Prima Maria,directed,e555,singt,
Primus Angelus,SINGEN,Secunda Maria,directed,e556,singt,
Primus Angelus,SINGEN,Tertia Maria,directed,e557,singt,
Secundus Angelus,SINGEN,Prima Maria,directed,e558,singt,
Secundus Angelus,SINGEN,Secunda Maria,directed,e559,singt,
Secundus Angelus,SINGEN,Tertia Maria,directed,e560,singt,
Tertius Angelus,SINGEN,Prima Maria,directed,e561,singt,
Tertius Angelus,SINGEN,Secunda Maria,directed,e562,singt,
Tertius Angelus,SINGEN,Tertia Maria,directed,e563,singt,
Primus Angelus,SPRECHEN,Prima Maria,directed,e564,spricht,
Primus Angelus,SPRECHEN,Secunda Maria,directed,e565,spricht,
Primus Angelus,SPRECHEN,Tertia Maria,directed,e566,spricht,
Prima Maria,SINGEN,Ignotus,directed,e567,singt,
Secunda Maria,SINGEN,Ignotus,directed,e568,singt,
Tertia Maria,SINGEN,Ignotus,directed,e569,singt,
Prima Maria,SINGEN,Ignotus,directed,e570,singt,
Secunda Maria,SINGEN,Ignotus,directed,e571,singt,
Tertia Maria,SINGEN,Ignotus,directed,e572,singt,
Tertia Maria,SPRECHEN,Ignotus,directed,e573,spricht,
Tertia Maria,SINGEN,Ignotus,directed,e574,singt,
Ihesus,ERSCHEINEN,Sepulcrum,directed,e575,erscheint,
Ihesus,SINGEN,Tertia Maria,directed,e576,singt,
Tertia Maria,SINGEN,Ihesus,directed,e577,singt,
Ihesus,SPRECHEN,Tertia Maria,directed,e578,spricht,
Tertia Maria,SPRECHEN,Ihesus,directed,e579,spricht,
Ihesus,SPRECHEN,Tertia Maria,directed,e580,spricht,
Tertia Maria,SPRECHEN,Ihesus,directed,e581,spricht,
Ihesus,SPRECHEN,Tertia Maria,directed,e582,spricht,
Tertia Maria,GEHEN,Ignotus,directed,e583,geht,
Tertia Maria,SPRECHEN,Ignotus,directed,e584,spricht,
Ihesus,ERSCHEINEN,Sepulcrum,directed,e585,erscheint,
Tertia Maria,SINGEN,Ihesus,directed,e586,singt,
Ihesus,SINGEN,Tertia Maria,directed,e587,singt,
Tertia Maria,SINGEN,Ihesus,directed,e588,singt,
Ihesus,SINGEN,Tertia Maria,directed,e589,singt,
Tertia Maria,SINGEN,Ihesus,directed,e590,singt,
Ihesus,SINGEN,Tertia Maria,directed,e591,singt,
Tertia Maria,SINGEN,Ihesus,directed,e592,singt,
Ihesus,SINGEN,Tertia Maria,directed,e593,singt,
Tertia Maria,SINGEN,Ihesus,directed,e594,singt,
Ihesus,SPRECHEN,Tertia Maria,directed,e595,spricht,
Tertia Maria,GEHEN,Ignotus,directed,e596,geht,
Tertia Maria,SINGEN,Ignotus,directed,e597,singt,
Thomas,GEHEN,Prima Maria,directed,e598,kommt,
Thomas,GEHEN,Secunda Maria,directed,e599,kommt,
Thomas,GEHEN,Tertia Maria,directed,e600,kommt,
Thomas,SPRECHEN,Tertia Maria,directed,e601,spricht,
Tertia Maria,SPRECHEN,Thomas,directed,e602,spricht,
Tertia Maria,GEHEN,Ignotus,directed,e603,geht,
Thomas,SPRECHEN,Ihesus,directed,e604,spricht,
Ihesus,SPRECHEN,Thomas,directed,e605,spricht,
Tertia Maria,SINGEN,Ignotus,directed,e606,singt,
Petrus,GEHEN,Tertia Maria,directed,e607,kommt,
Iohannes,GEHEN,Tertia Maria,directed,e608,kommt,
Petrus,RUFEN,Tertia Maria,directed,e609,ruft,
Iohannes,RUFEN,Tertia Maria,directed,e610,ruft,
Tertia Maria,SINGEN,Petrus,directed,e611,singt,
Tertia Maria,SINGEN,Iohannes,directed,e612,singt,
Petrus,SPRECHEN,Tertia Maria,directed,e613,spricht,
Tertia Maria,SPRECHEN,Petrus,directed,e614,spricht,
Petrus,GEHEN,Exire,directed,e615,geht,
Iohannes,GEHEN,Exire,directed,e616,geht,
Petrus,SINGEN,Ignotus,directed,e617,singt,
Iohannes,SINGEN,Ignotus,directed,e618,singt,
Petrus,LAUFEN,Sepulcrum,directed,e619,läuft zu,
Iohannes,LAUFEN,Sepulcrum,directed,e620,läuft zu,
Petrus,SINGEN,Ignotus,directed,e621,singt,
Iohannes,SINGEN,Ignotus,directed,e622,singt,
Petrus,NEHMEN,Velum,directed,e623,greift,
Iohannes,NEHMEN,Velum,directed,e624,greift,
Petrus,SINGEN,Spectantes,directed,e625,singt,
Iohannes,SINGEN,Spectantes,directed,e626,singt,
Petrus,SPRECHEN,Spectantes,directed,e627,spricht,
Iohannes,SPRECHEN,Spectantes,directed,e628,spricht,